"last_name, first_name","player_id","display_team_name","year","primary_pos_formatted","fielding_runs_prevented","outs_above_average","outs_above_average_infront","outs_above_average_lateral_toward3bline","outs_above_average_lateral_toward1bline","outs_above_average_behind","outs_above_average_rhh","outs_above_average_lhh","actual_success_rate_formatted","adj_estimated_success_rate_formatted","diff_success_rate_formatted"
"Abrams, CJ","682928","Nationals","","SS","-8",-11,-12,1,-1,1,-9,-2,"71%","74%","-3%"
"Abreu, Wilyer","677800","Red Sox","","RF","5",5,2,1,2,0,2,3,"90%","88%","2%"
"Acuña Jr., Ronald","660670","Braves","","RF","-4",-4,0,-2,-2,0,0,-5,"86%","90%","-4%"
"Acuña, Luisangel","682668","White Sox","","SS","-3",-4,0,-2,0,-1,-4,0,"81%","84%","-3%"
"Adames, Willy","642715","Giants","","SS","-9",-11,-4,0,-7,0,-5,-7,"75%","79%","-4%"
"Adell, Jo","666176","Angels","","RF","-3",-4,0,-3,0,1,1,-5,"83%","85%","-2%"
"Albies, Ozzie","645277","Braves","","2B","1",1,0,0,2,-1,-3,4,"72%","72%","0%"
"Alexander, Blaze","677942","Orioles","","3B","-5",-6,-5,-2,2,-1,-2,-4,"70%","72%","-2%"
"Alonso, Pete","624413","Orioles","","1B","2",3,2,-1,2,1,0,3,"78%","77%","1%"
"Altuve, Jose","514888","Astros","","2B","-4",-5,0,-3,0,-2,-3,-1,"67%","70%","-3%"
"Antonacci, Sam","803011","White Sox","","LF","-5",-5,-1,-1,-3,0,-2,-3,"82%","85%","-3%"
"Aranda, Jonathan","666018","Rays","","1B","-2",-2,-2,-3,2,0,-1,-1,"71%","72%","-1%"
"Arenado, Nolan","571448","D-backs","","3B","3",4,3,0,1,0,6,-2,"70%","68%","2%"
"Arozarena, Randy","668227","Mariners","","LF","-3",-3,-2,0,-1,0,0,-3,"89%","91%","-2%"
"Arraez, Luis","650333","Giants","","2B","8",10,5,3,3,-1,5,5,"76%","73%","3%"
"Arroyo, Edwin","695490","Reds","","2B","4",5,-1,3,3,0,4,1,"71%","67%","4%"
"Baty, Brett","683146","Mets","","3B","-1",-1,-5,3,1,-1,-1,0,"74%","75%","-1%"
"Bauers, Jake","641343","Brewers","","1B","-5",-7,-1,-3,-2,0,-1,-6,"70%","74%","-4%"
"Bazzana, Travis","683953","Guardians","","2B","-3",-4,1,-2,-3,0,-5,1,"70%","72%","-2%"
"Bellinger, Cody","641355","Yankees","","LF","5",5,1,3,1,0,0,5,"95%","92%","3%"
"Benge, Carson","701807","Mets","","RF","1",1,1,-1,2,0,3,-2,"82%","82%","0%"
"Betts, Mookie","605141","Dodgers","","SS","4",6,3,1,1,0,3,3,"82%","80%","2%"
"Bichette, Bo","666182","Mets","","3B","0",0,2,1,-1,-1,3,-3,"70%","70%","0%"
"Bleday, JJ","668709","Reds","","LF","-1",-2,0,-1,-1,1,-1,0,"89%","90%","-1%"
"Bogaerts, Xander","593428","Padres","","SS","6",7,6,0,2,0,6,1,"74%","71%","3%"
"Bohm, Alec","664761","Phillies","","3B","-5",-6,-3,-4,-1,1,-3,-3,"69%","72%","-3%"
"Bolte, Henry","703607","Athletics","","CF","-2",-2,0,0,-1,-1,-1,-1,"87%","88%","-1%"
"Bregman, Alex","608324","Cubs","","3B","3",4,2,-2,4,0,4,0,"74%","72%","2%"
"Burger, Jake","669394","Rangers","","1B","1",2,0,0,2,-1,0,2,"71%","70%","1%"
"Burleson, Alec","676475","Cardinals","","1B","-1",-2,-2,0,-1,1,-2,0,"72%","73%","-1%"
"Busch, Michael","683737","Cubs","","1B","3",4,3,-1,1,1,1,3,"77%","75%","2%"
"Butler, Lawrence","671732","Athletics","","RF","-7",-8,-1,-4,-2,0,-3,-5,"85%","90%","-5%"
"Buxton, Byron","621439","Twins","","CF","3",4,1,1,1,1,2,1,"94%","91%","3%"
"Báez, Javier","595879","Tigers","","SS","-2",-2,2,0,-4,0,-1,-1,"75%","77%","-2%"
"Caballero, José","676609","Yankees","","SS","-2",-3,-2,2,-3,1,-5,2,"76%","77%","-1%"
"Caglianone, Jac","695506","Royals","","RF","-3",-4,-1,0,-4,1,2,-5,"84%","86%","-2%"
"Caissie, Owen","683357","Marlins","","RF","-7",-8,-2,-4,-1,-2,-2,-7,"82%","89%","-7%"
"Caminero, Junior","691406","Rays","","3B","-10",-13,-7,-1,-4,0,-11,-2,"71%","75%","-4%"
"Carpenter, Kerry","681481","Tigers","","RF","-6",-7,-2,-2,-2,-1,-5,-2,"77%","85%","-8%"
"Carrigg, Cole","694249","Rockies","","CF","2",2,0,2,0,0,0,2,"91%","89%","2%"
"Carroll, Corbin","682998","D-backs","","RF","8",8,5,1,1,1,3,6,"89%","85%","4%"
"Carter, Evan","694497","Rangers","","CF","6",7,1,2,3,1,5,3,"96%","92%","4%"
"Castro, Willi","650489","Rockies","","2B","-2",-3,2,3,-5,-3,-1,-2,"73%","74%","-1%"
"Chapman, Matt","656305","Giants","","3B","3",4,-1,3,2,-1,5,-1,"74%","73%","1%"
"Chisholm Jr., Jazz","665862","Yankees","","2B","6",8,0,3,5,-1,3,5,"77%","75%","2%"
"Chourio, Jackson","694192","Brewers","","LF","2",2,0,0,2,0,1,1,"94%","92%","2%"
"Church, Nathan","701675","Cardinals","","CF","2",2,-1,0,2,0,3,-2,"90%","89%","1%"
"Clemens, Kody","665019","Twins","","1B","3",3,1,0,1,2,2,2,"84%","83%","1%"
"Clement, Ernie","676391","Blue Jays","","2B","-4",-6,-1,0,-4,-1,0,-6,"73%","75%","-2%"
"Collins, Isaac","686555","Royals","","LF","-3",-4,-2,-2,0,0,-2,-1,"84%","86%","-2%"
"Contreras, Willson","575929","Red Sox","","1B","0",-1,-1,-2,3,0,-1,1,"73%","73%","0%"
"Correa, Carlos","621043","Astros","","SS","1",1,1,-1,1,0,0,1,"73%","72%","1%"
"Cowser, Colton","681297","Orioles","","CF","4",5,1,1,2,1,3,1,"93%","91%","2%"
"Crawford, J.P.","641487","Mariners","","SS","-7",-9,-2,-6,-2,0,-6,-4,"74%","78%","-4%"
"Crawford, Justin","702222","Phillies","","CF","-1",-1,-2,0,0,0,-3,1,"89%","90%","-1%"
"Crews, Dylan","686611","Nationals","","RF","2",3,0,-1,3,1,1,2,"91%","88%","3%"
"Cronenworth, Jake","630105","Padres","","2B","-2",-3,1,-3,1,-1,0,-2,"74%","76%","-2%"
"Crow-Armstrong, Pete","691718","Cubs","","CF","15",16,0,7,8,1,12,4,"96%","90%","6%"
"Cruz, Oneil","665833","Pirates","","CF","-2",-3,-2,0,0,-1,-4,1,"88%","90%","-2%"
"De La Cruz, Elly","682829","Reds","","SS","6",8,6,6,-4,0,9,-1,"75%","72%","3%"
"DeLuca, Jonny","676356","Rays","","RF","3",3,1,-1,3,1,1,2,"90%","87%","3%"
"Devers, Rafael","646240","Giants","","1B","-1",-1,2,-5,2,0,0,-1,"72%","72%","0%"
"Dubón, Mauricio","643289","Braves","","SS","6",7,1,1,4,1,4,3,"85%","82%","3%"
"Dunn, Blake","694362","Reds","","CF","1",2,0,0,1,0,-1,2,"91%","89%","2%"
"Duran, Ezequiel","677649","Rangers","","SS","7",9,0,5,3,1,6,2,"83%","80%","3%"
"Duran, Jarren","680776","Red Sox","","LF","7",7,1,3,3,1,6,2,"92%","88%","4%"
"Durbin, Caleb","702332","Red Sox","","3B","3",4,2,1,1,1,3,1,"74%","72%","2%"
"Edwards, Xavier","669364","Marlins","","2B","1",2,0,1,2,-1,0,2,"75%","74%","1%"
"Emerson, Colt","806068","Mariners","","SS","-2",-3,-2,1,-3,1,-5,2,"72%","74%","-2%"
"Ewing, A.J.","805999","Mets","","CF","1",1,-3,1,3,1,0,2,"92%","91%","1%"
"Fermín, José","665877","Cardinals","","3B","-1",-1,-1,0,-1,1,0,-1,"77%","78%","-1%"
"France, Ty","664034","Padres","","1B","5",6,4,1,1,0,1,5,"80%","76%","4%"
"Frazier, Adam","624428","Angels","","2B","-1",-1,0,-1,1,-1,0,-1,"76%","77%","-1%"
"Freeland, Alex","690976","Dodgers","","2B","2",3,1,1,1,0,4,-1,"82%","81%","1%"
"Freeman, Freddie","518692","Dodgers","","1B","2",2,3,-3,2,0,3,0,"71%","70%","1%"
"Freeman, Tyler","671289","Rockies","","RF","-7",-8,-1,-3,-3,-1,-5,-3,"82%","88%","-6%"
"Frelick, Sal","686217","Brewers","","RF","0",1,0,1,0,0,0,0,"85%","85%","0%"
"Friedl, TJ","670770","Reds","","CF","3",3,0,1,3,-1,3,0,"94%","92%","2%"
"Garcia, Maikel","672580","Royals","","3B","4",6,6,2,0,-1,3,3,"73%","71%","2%"
"García Jr., Luis","671277","Nationals","","1B","0",0,-1,3,-1,0,-2,2,"70%","70%","0%"
"García, Adolis","666969","Phillies","","RF","3",4,1,1,1,0,3,1,"92%","89%","3%"
"Gelof, Zack","680869","Athletics","","3B","0",0,0,-1,2,-1,-1,1,"76%","76%","0%"
"Gilbert, Drew","687551","Giants","","CF","0",0,1,-1,0,0,1,-1,"87%","87%","0%"
"Giménez, Andrés","665926","Blue Jays","","SS","8",10,4,2,4,1,6,4,"74%","71%","3%"
"Goldschmidt, Paul","502671","Yankees","","1B","3",4,0,3,0,0,0,3,"79%","76%","3%"
"Gonzales, Nick","693304","Pirates","","3B","-1",-2,-3,-1,4,-2,-2,0,"68%","69%","-1%"
"Gorman, Nolan","669357","Cardinals","","3B","1",1,-1,1,1,0,1,1,"65%","64%","1%"
"Gray, Tristan","656484","Twins","","SS","-3",-4,-1,0,-4,1,-2,-2,"73%","75%","-2%"
"Greene, Riley","682985","Tigers","","LF","1",1,0,3,-1,0,0,1,"91%","90%","1%"
"Griffin, Konnor","804606","Pirates","","SS","-5",-6,-3,-2,-3,2,-5,-2,"81%","84%","-3%"
"Grisham, Trent","663757","Yankees","","CF","-2",-2,-2,1,1,-2,-2,0,"90%","91%","-1%"
"Grissom, Vaughn","687093","Angels","","2B","-1",-2,3,-4,0,0,0,-2,"69%","70%","-1%"
"Guerrero Jr., Vladimir","665489","Blue Jays","","1B","3",4,-2,0,5,1,0,3,"77%","76%","1%"
"Hamilton, David","666152","Brewers","","3B","-4",-6,-3,-3,2,-1,-3,-3,"76%","79%","-3%"
"Happ, Ian","664023","Cubs","","LF","-1",-1,-1,0,-1,1,1,-2,"84%","84%","0%"
"Harper, Bryce","547180","Phillies","","1B","-5",-6,2,-7,-1,-1,-3,-3,"66%","69%","-3%"
"Harris II, Michael","671739","Braves","","CF","7",7,1,2,4,1,3,4,"96%","92%","4%"
"Hayes, Ke'Bryan","663647","Reds","","3B","0",0,0,0,0,1,2,-2,"76%","76%","0%"
"Henderson, Gunnar","683002","Orioles","","SS","2",2,-7,6,3,0,5,-3,"76%","76%","0%"
"Hernaiz, Darell","687231","Athletics","","SS","2",2,2,-1,2,0,1,1,"77%","75%","2%"
"Hernández, Heriberto","681715","Marlins","","LF","1",1,1,1,-1,-1,0,1,"88%","88%","0%"
"Hernández, Teoscar","606192","Dodgers","","LF","-2",-2,-1,-2,0,1,-1,-1,"88%","89%","-1%"
"Hoerner, Nico","663538","Cubs","","2B","6",8,2,1,4,1,3,5,"76%","74%","2%"
"Holliday, Jackson","702616","Orioles","","2B","-1",-2,-1,-1,1,0,-2,0,"77%","79%","-2%"
"Horwitz, Spencer","687462","Pirates","","1B","-2",-3,3,-7,1,1,-1,-2,"72%","73%","-1%"
"Hoskins, Rhys","656555","Guardians","","1B","-5",-6,1,-4,-2,-1,-2,-4,"64%","71%","-7%"
"House, Brady","691781","Nationals","","3B","-4",-5,-4,-1,-1,0,-3,-2,"61%","65%","-4%"
"Isbel, Kyle","664728","Royals","","CF","3",4,0,3,-1,1,2,1,"91%","89%","2%"
"Jackson, Jeremiah","669236","Orioles","","2B","-1",-2,-2,-1,1,1,0,-2,"79%","79%","0%"
"Johnston, Troy","687859","Rockies","","RF","-2",-2,-1,3,-2,-3,0,-2,"80%","81%","-1%"
"Judge, Aaron","592450","Yankees","","RF","-2",-2,-2,0,0,-1,-1,0,"90%","91%","-1%"
"Julien, Edouard","666397","Rockies","","2B","-3",-4,2,-5,0,-1,-2,-2,"68%","70%","-2%"
"Jung, Josh","673962","Rangers","","3B","-1",-1,0,2,0,-2,1,-2,"68%","68%","0%"
"Karros, Kyle","691720","Rockies","","3B","1",1,-1,0,1,0,3,-2,"68%","67%","1%"
"Keaschall, Luke","807712","Twins","","2B","-4",-6,0,-3,-3,0,-2,-4,"71%","73%","-2%"
"Keith, Colt","690993","Tigers","","3B","1",1,0,1,0,0,1,0,"70%","69%","1%"
"Kim, Ha-Seong","673490","Braves","","SS","-2",-2,0,-2,0,0,-3,1,"72%","74%","-2%"
"Kim, Hyeseong","808975","Dodgers","","SS","0",-1,-1,-2,2,0,-2,1,"79%","80%","-1%"
"Kiner-Falefa, Isiah","643396","Red Sox","","2B","5",7,3,2,1,1,5,1,"78%","72%","6%"
"Kreidler, Ryan","668952","Twins","","SS","0",1,1,1,-2,0,1,0,"80%","80%","0%"
"Kurtz, Nick","701762","Athletics","","1B","-2",-3,4,-8,1,0,-2,-1,"70%","71%","-1%"
"Kwan, Steven","680757","Guardians","","CF","5",6,1,2,3,0,5,1,"93%","90%","3%"
"Langford, Wyatt","694671","Rangers","","LF","2",2,0,1,1,0,1,1,"92%","89%","3%"
"Larnach, Trevor","663616","Twins","","LF","-4",-5,0,-2,-3,-1,-1,-4,"82%","85%","-3%"
"Laureano, Ramón","657656","Padres","","LF","0",0,-1,1,0,0,0,0,"85%","85%","0%"
"Lee, Brooks","686797","Twins","","SS","-5",-7,2,-7,-2,0,-8,1,"71%","73%","-2%"
"Lee, Hao-Yu","701678","Tigers","","2B","-4",-5,-3,-3,0,1,-1,-4,"72%","75%","-3%"
"Lee, Jung Hoo","808982","Giants","","RF","-4",-4,-1,-2,0,-2,-1,-3,"84%","86%","-2%"
"Lewis, Royce","668904","Twins","","3B","-4",-5,-2,-2,-2,1,-5,0,"71%","74%","-3%"
"Lile, Daylen","695734","Nationals","","LF","2",2,2,2,-2,1,1,1,"87%","86%","1%"
"Lindor, Francisco","596019","Mets","","SS","1",1,-1,0,2,0,0,1,"77%","76%","1%"
"Loftin, Nick","679845","Royals","","3B","-5",-7,-2,-4,-1,0,-5,-2,"66%","70%","-4%"
"Lopez, Nicky","670032","---","","2B","-3",-3,1,2,-5,-1,0,-3,"68%","70%","-2%"
"Lopez, Otto","672640","Marlins","","SS","3",4,6,1,-4,0,0,4,"75%","74%","1%"
"Lowe, Brandon","664040","Pirates","","2B","6",8,0,4,3,1,5,3,"79%","76%","3%"
"Lowe, Josh","666139","Angels","","LF","1",1,1,-1,1,0,0,1,"89%","87%","2%"
"Lukes, Nathan","664770","Blue Jays","","RF","1",1,-1,0,0,1,1,0,"88%","88%","0%"
"Machado, Manny","592518","Padres","","3B","5",6,3,2,0,1,6,1,"73%","71%","2%"
"Mangum, Jake","663968","Pirates","","CF","0",1,-1,1,0,1,-1,1,"88%","88%","0%"
"Manzardo, Kyle","700932","Guardians","","1B","-2",-3,-1,-2,1,-2,-4,1,"74%","76%","-2%"
"Marsee, Jakob","805300","Marlins","","CF","4",5,-1,1,4,1,1,4,"92%","90%","2%"
"Marsh, Brandon","669016","Phillies","","LF","-1",-1,-1,1,0,-1,-1,-1,"91%","91%","0%"
"Marte, Ketel","606466","D-backs","","2B","2",3,3,-1,1,1,2,1,"76%","75%","1%"
"Martin, Austin","668885","Twins","","RF","1",1,1,1,-2,1,-2,3,"89%","89%","0%"
"Martínez, Angel","682657","Guardians","","LF","1",1,0,1,-2,1,1,0,"90%","89%","1%"
"Massey, Michael","686681","Royals","","2B","6",8,-1,8,1,0,3,5,"73%","69%","4%"
"Mateo, Jorge","622761","Braves","","SS","2",3,2,0,1,0,0,2,"78%","75%","3%"
"Matthews, Brice","694728","Astros","","CF","4",5,-1,2,3,1,2,3,"89%","86%","3%"
"Mayer, Marcelo","691785","Red Sox","","2B","0",0,0,-2,2,-1,-1,1,"70%","71%","-1%"
"Mayo, Coby","691723","Orioles","","3B","-3",-4,-1,-3,0,0,-5,2,"64%","67%","-3%"
"McCarthy, Jake","664983","Rockies","","CF","0",0,-1,0,2,-1,0,-1,"88%","88%","0%"
"McGonigle, Kevin","805808","Tigers","","3B","0",0,-2,0,0,1,4,-5,"74%","74%","0%"
"McKinstry, Zach","656716","Tigers","","2B","5",6,2,1,3,0,4,1,"80%","77%","3%"
"McLain, Matt","680574","Reds","","2B","2",2,-1,0,4,0,3,-1,"76%","75%","1%"
"McMahon, Ryan","641857","Yankees","","3B","2",3,1,2,0,0,1,1,"70%","69%","1%"
"McNeil, Jeff","643446","Athletics","","2B","-2",-3,2,-4,0,-1,0,-3,"75%","76%","-1%"
"Mead, Curtis","678554","Nationals","","3B","-6",-8,-4,-5,0,0,-1,-7,"64%","68%","-4%"
"Meidroth, Chase","805367","White Sox","","2B","2",3,2,-1,1,1,3,0,"74%","73%","1%"
"Merrill, Jackson","701538","Padres","","CF","1",1,0,3,0,-2,-2,2,"91%","91%","0%"
"Meyers, Jake","676694","Astros","","CF","2",2,0,2,0,0,1,1,"93%","91%","2%"
"Mitchell, Garrett","669003","Brewers","","CF","3",3,0,0,2,1,0,3,"91%","89%","2%"
"Monasterio, Andruw","655316","Red Sox","","SS","-6",-7,-1,-1,-4,-1,-4,-4,"71%","77%","-6%"
"Moniak, Mickey","666160","Rockies","","LF","-1",-1,-2,1,0,0,-1,-1,"88%","89%","-1%"
"Montgomery, Colson","695657","White Sox","","SS","4",5,2,3,0,0,3,2,"75%","74%","1%"
"Mullins, Cedric","656775","Rays","","CF","6",6,3,2,2,-1,3,3,"92%","89%","3%"
"Muncy, Max","571970","Dodgers","","3B","2",2,2,-3,2,1,1,1,"73%","72%","1%"
"Muncy, Max","691777","Athletics","","3B","-5",-7,-2,0,-4,0,-7,0,"57%","63%","-6%"
"Murakami, Munetaka","808959","White Sox","","1B","0",0,0,0,0,0,-1,1,"70%","71%","-1%"
"Naylor, Josh","647304","Mariners","","1B","-1",-2,1,-2,1,-1,-3,1,"71%","72%","-1%"
"Neto, Zach","687263","Angels","","SS","-6",-8,-2,0,-4,-1,-5,-3,"74%","76%","-2%"
"Nimmo, Brandon","607043","Rangers","","RF","-2",-2,0,-2,1,-1,-2,0,"89%","91%","-2%"
"Norby, Connor","681393","Marlins","","1B","3",4,1,0,3,0,0,4,"76%","72%","4%"
"Nuñez, Nasim","683083","Nationals","","2B","1",2,3,-5,1,3,4,-2,"79%","79%","0%"
"O'Hearn, Ryan","656811","Pirates","","RF","-2",-2,-3,0,0,0,-2,-1,"79%","81%","-2%"
"Okamoto, Kazuma","672960","Blue Jays","","3B","0",0,4,-1,-2,-1,1,-1,"73%","72%","1%"
"Olson, Matt","621566","Braves","","1B","3",4,-1,1,2,1,4,1,"79%","77%","2%"
"Ortiz, Joey","687401","Brewers","","SS","6",9,0,5,2,1,3,5,"77%","73%","4%"
"Osuna, Alejandro","696030","Rangers","","LF","-6",-6,-3,-1,-3,1,-4,-2,"82%","88%","-6%"
"Outman, James","681546","---","","CF","1",1,-1,0,1,1,0,1,"92%","91%","1%"
"Pages, Andy","681624","Dodgers","","CF","6",6,-2,1,7,0,3,3,"91%","88%","3%"
"Palacios, Richie","680700","Rays","","2B","-4",-5,-3,-1,0,-1,-1,-4,"75%","78%","-3%"
"Paredes, Isaac","670623","Astros","","3B","1",1,-2,1,1,1,-2,3,"70%","70%","0%"
"Pasquantino, Vinnie","686469","Royals","","1B","-1",-1,-2,1,0,0,2,-2,"77%","78%","-1%"
"Peraza, Oswald","672724","Angels","","2B","1",1,0,0,1,-1,1,0,"75%","75%","0%"
"Perdomo, Geraldo","672695","D-backs","","SS","7",9,10,2,-3,0,5,4,"81%","79%","2%"
"Peters, Tristan","671976","White Sox","","CF","8",9,1,3,4,1,5,4,"94%","90%","4%"
"Peña, Jeremy","665161","Astros","","SS","-1",-1,-2,2,-1,0,1,-2,"71%","72%","-1%"
"Pérez, Wenceel","672761","Tigers","","RF","-3",-3,0,-2,-2,0,-2,-1,"89%","92%","-3%"
"Rafaela, Ceddanne","678882","Red Sox","","CF","11",12,3,6,4,-1,8,4,"94%","89%","5%"
"Raley, Luke","670042","Mariners","","RF","-4",-5,-1,-5,0,0,-4,-1,"81%","85%","-4%"
"Ramos, Heliot","671218","Giants","","LF","-2",-2,1,-1,-1,0,0,-2,"87%","89%","-2%"
"Ramírez, José","608070","Guardians","","3B","4",6,1,1,4,0,6,-1,"77%","74%","3%"
"Rengifo, Luis","650859","---","","3B","-1",-2,-2,1,-1,1,-3,1,"76%","78%","-2%"
"Reynolds, Bryan","668804","Pirates","","LF","-4",-4,1,-4,-1,0,-2,-3,"85%","87%","-2%"
"Rice, Ben","700250","Yankees","","1B","-4",-6,-1,-2,-3,1,-1,-5,"64%","68%","-4%"
"Riley, Austin","663586","Braves","","3B","-2",-3,-5,0,0,1,-4,0,"72%","73%","-1%"
"Rivas, Leo","660844","Mariners","","3B","0",0,2,1,-1,-1,2,-2,"72%","72%","0%"
"Rocchio, Brayan","677587","Guardians","","SS","6",7,5,3,-2,2,7,1,"73%","70%","3%"
"Rodríguez, Julio","677594","Mariners","","CF","-1",-1,-1,1,0,0,-1,-1,"90%","91%","-1%"
"Rojas, Miguel","500743","Dodgers","","2B","2",2,-1,3,0,0,-2,4,"72%","71%","1%"
"Rosario, Amed","642708","Yankees","","3B","-6",-8,-4,-2,-2,0,-6,-3,"64%","73%","-9%"
"Rumfield, TJ","681198","Rockies","","1B","2",3,1,1,0,1,2,1,"72%","71%","1%"
"Sanoja, Javier","691594","Marlins","","3B","0",1,3,0,-2,0,2,-1,"78%","77%","1%"
"Schanuel, Nolan","694384","Angels","","1B","2",3,0,0,2,1,0,3,"73%","72%","1%"
"Schmitt, Casey","669477","Giants","","3B","2",3,0,2,0,0,2,0,"81%","80%","1%"
"Schneemann, Daniel","682177","Guardians","","3B","6",7,1,2,3,1,5,2,"82%","78%","4%"
"Scott II, Victor","687363","Cardinals","","CF","3",3,0,3,0,0,2,1,"90%","88%","2%"
"Seager, Corey","608369","Rangers","","SS","1",1,-1,2,1,-1,1,0,"76%","75%","1%"
"Semien, Marcus","543760","Mets","","2B","-3",-5,-1,1,-3,-1,-2,-3,"79%","80%","-1%"
"Shaw, Matt","807713","Cubs","","RF","1",1,0,-1,1,0,0,0,"89%","89%","0%"
"Sheets, Gavin","657757","Padres","","1B","-2",-2,1,0,-3,-1,-2,-1,"74%","75%","-1%"
"Simpson, Chandler","802415","Rays","","LF","7",8,2,2,3,1,4,4,"88%","84%","4%"
"Smith, Cam","701358","Astros","","RF","4",5,3,0,1,1,3,2,"89%","87%","2%"
"Smith, Josh","669701","Rangers","","2B","-2",-3,0,-2,1,-1,-2,0,"72%","74%","-2%"
"Soderstrom, Tyler","691016","Athletics","","LF","-4",-5,0,-1,-1,-3,-5,0,"85%","87%","-2%"
"Song, Sung-Mun","823550","Padres","","2B","2",3,1,0,1,0,2,1,"72%","69%","3%"
"Sosa, Edmundo","624641","Phillies","","2B","1",2,0,1,1,-1,0,1,"74%","73%","1%"
"Soto, Juan","665742","Mets","","LF","-1",-1,0,-1,0,1,0,-1,"86%","87%","-1%"
"Steer, Spencer","668715","Reds","","RF","-2",-2,0,-1,-1,0,-2,0,"77%","78%","-1%"
"Stewart, Sal","701398","Reds","","1B","-1",-1,3,-4,0,0,1,-2,"71%","72%","-1%"
"Story, Trevor","596115","Red Sox","","SS","-2",-3,-1,0,-1,-1,-2,-1,"75%","78%","-3%"
"Stott, Bryson","681082","Phillies","","2B","2",3,3,0,1,-1,0,3,"70%","69%","1%"
"Stowers, Kyle","669065","Marlins","","LF","1",1,0,1,0,0,0,1,"87%","86%","1%"
"Straw, Myles","664702","Blue Jays","","CF","2",3,1,1,0,0,1,2,"91%","89%","2%"
"Suzuki, Seiya","673548","Cubs","","RF","2",3,4,0,-1,0,3,0,"88%","86%","2%"
"Swanson, Dansby","621020","Cubs","","SS","7",9,6,4,-1,0,4,5,"76%","73%","3%"
"Sánchez, Jesús","660821","Blue Jays","","RF","-6",-6,-1,-4,-2,0,-4,-2,"83%","89%","-6%"
"Tatis Jr., Fernando","665487","Padres","","2B","4",4,1,0,2,1,3,1,"82%","81%","1%"
"Taveras, Leody","665750","Orioles","","CF","-4",-4,-1,-1,-1,-1,-1,-3,"84%","86%","-2%"
"Thomas, Lane","657041","Royals","","CF","-4",-5,-3,0,-2,0,-4,-1,"88%","90%","-2%"
"Torkelson, Spencer","679529","Tigers","","1B","-7",-10,-2,-7,-2,1,-1,-8,"70%","74%","-4%"
"Torres, Gleyber","650402","Tigers","","2B","0",0,1,0,0,0,-1,1,"80%","80%","0%"
"Tovar, Ezequiel","678662","Rockies","","SS","0",0,4,-1,-1,-2,3,-3,"71%","71%","0%"
"Triolo, Jared","669707","Pirates","","SS","0",0,2,-2,-2,1,1,-1,"75%","75%","0%"
"Trout, Mike","545361","Angels","","CF","-3",-3,-3,0,0,-1,0,-2,"89%","91%","-2%"
"Tucker, Kyle","663656","Dodgers","","RF","-4",-5,-1,-2,-1,-1,-2,-3,"89%","92%","-3%"
"Turang, Brice","668930","Brewers","","2B","5",7,1,-2,7,1,3,4,"79%","77%","2%"
"Turner, Trea","607208","Phillies","","SS","-5",-6,-5,4,-4,-1,0,-6,"68%","70%","-2%"
"Vargas, Ildemaro","545121","D-backs","","1B","2",2,1,-1,2,0,1,2,"75%","74%","1%"
"Vargas, Miguel","678246","White Sox","","3B","0",0,-2,-1,3,-1,-5,5,"73%","73%","0%"
"Varsho, Daulton","662139","Blue Jays","","CF","3",4,-1,1,3,1,0,4,"90%","88%","2%"
"Vientos, Mark","668901","Mets","","1B","-6",-8,-4,-4,0,0,1,-9,"68%","74%","-6%"
"Vierling, Matt","663837","Tigers","","CF","2",2,0,-1,3,-1,0,2,"92%","91%","1%"
"Vilade, Ryan","668723","Rays","","RF","-3",-3,0,-2,-2,0,-1,-2,"82%","86%","-4%"
"Vivas, Jorbit","678391","Nationals","","3B","2",3,2,2,-1,0,4,-1,"71%","69%","2%"
"Volpe, Anthony","683011","Yankees","","SS","4",6,2,2,1,0,6,0,"80%","76%","4%"
"Waldschmidt, Ryan","814439","D-backs","","CF","0",0,-4,2,1,1,-1,1,"91%","91%","0%"
"Walker, Christian","572233","Astros","","1B","1",2,2,1,1,-2,-1,2,"76%","75%","1%"
"Walker, Jordan","691023","Cardinals","","RF","-4",-5,0,-3,-2,0,-3,-2,"86%","88%","-2%"
"Walls, Taylor","670764","Rays","","SS","-1",-1,-2,0,0,0,1,-2,"80%","81%","-1%"
"Ward, Taylor","621493","Orioles","","LF","-1",-1,1,1,-1,-2,-1,0,"87%","88%","-1%"
"Wetherholt, JJ","802139","Cardinals","","2B","12",16,4,9,1,2,8,9,"77%","73%","4%"
"Williamson, Ben","810938","Rays","","2B","-3",-4,-3,1,-3,1,-3,-1,"80%","82%","-2%"
"Wilson, Jacob","805779","Athletics","","SS","6",8,4,3,1,0,7,0,"73%","68%","5%"
"Winn, Masyn","691026","Cardinals","","SS","6",8,5,1,-1,2,2,6,"72%","70%","2%"
"Witt Jr., Bobby","677951","Royals","","SS","13",18,9,8,1,0,10,7,"76%","70%","6%"
"Wood, James","695578","Nationals","","RF","-4",-4,2,-5,-2,1,-2,-3,"83%","85%","-2%"
"Yastrzemski, Mike","573262","Braves","","LF","-1",-1,-2,1,2,-2,1,-2,"89%","90%","-1%"
"Young, Cole","702284","Mariners","","2B","1",1,2,-1,1,-1,1,0,"78%","77%","1%"
"Young, Jacob","696285","Nationals","","CF","10",12,-1,12,1,-1,10,2,"93%","88%","5%"